Rank,Artist,Song,Gender,Year
1,Gordon Jenkins and The Weavers,Goodnight Irene,Mixed Group,1950
2,Nat King Cole,Mona Lisa,Male,1950
3,Anton Karas,Third Man Theme,Male,1950
4,Gary and Bing Crosby,Sam’s Song,Male Group,1950
5,Gary and Bing Crosby,Simple Melody,Male Group,1950
6,Teresa Brewer,"Music, Music, Music",Female,1950
7,Guy Lombardo,Third Man Theme,Male,1950
8,Red Foley,Chattanoogie Shoe Shine Boy,Male,1950
9,Sammy Kaye,Harbor Lights,Male,1950
10,Sammy Kaye and Don Cornell,It Isn’t Fair,Male Group,1950
11,Eileen Barton,If I Knew You Were Coming I’d’ve Baked A Cake,Female,1950
12,Kay Starr,Bonaparte’s Retreat,Female,1950
13,Gordon Jenkins and The Weavers,"Tzena, Tzena, Tzena",Mixed Group,1950
14,Tony Martin,There’s No Tomorrow,Male,1950
15,Phil Harris,The Thing,Male,1950
16,Ames Brothers,Sentimental Me,Male Group,1950
17,Andrews Sisters and Gordon Jenkins,I Wanna Be Loved,Mixed Group,1950
18,Patti Page,Tennessee Waltz,Female,1950
19,Andrews Sisters and Gordon Jenkins,"I Can Dream, Can’t I",Mixed Group,1950
20,Tennessee Ernie Ford and Kay Starr,I’ll Never Be Free,Mixed Group,1950
21,Patti Page,All My Love,Female,1950
22,Gordon Jenkins,My Foolish Heart,Male,1950
23,Ames Brothers,Rag Mop,Male Group,1950
24,Bill Snyder,Bewitched,Male,1950
25,Perry Como,Hoop-Dee-Doo,Male,1950
26,Gordon Jenkins,Bewitched,Male,1950
27,Ames Brothers,Can Anyone Explain?,Male Group,1950
28,Billy Eckstine,My Foolish Heart,Male,1950
29,Bing Crosby,Dear Hearts And Gentle People,Male,1950
30,Frankie Laine,Cry Of The Wild Goose,Male,1950
1,Perez Prado,Cherry Pink And Apple Blossom White,Male,1955
2,Bill Haley and His Comets,Rock Around The Clock,Male Group,1955
3,Mitch Miller,The Yellow Rose Of Texas,Male,1955
4,Roger Williams,Autumn Leaves,Male,1955
5,Les Baxter,Unchained Melody,Male,1955
6,Bill Hayes,The Ballad Of Davy Crockett,Male,1955
7,Four Aces,Love Is A Many Splendored Thing,Male Group,1955
8,McGuire Sisters,Sincerely,Female Group,1955
9,Pat Boone,Ain’t That A Shame,Male,1955
10,Georgia Gibbs,Dance With Me Henry,Female,1955
11,Crazy Otto,Crazy Otto Medley I & 11,Male,1955
12,Billy Vaughn,Melody Of Love,Male,1955
13,Tennessee Ernie Ford,Sixteen Tons,Male,1955
14,Frank Sinatra,Learnin’ The Blues,Male,1955
15,Fontaine Sisters,Hearts Of Stone,Female Group,1955
16,Georgia Gibbs,Tweedle Dee,Female,1955
17,Four Lads,Moments To Remember,Male Group,1955
18,Chordettes,Mr. Sandman,Female Group,1955
19,Joan Weber,Let Me Go Lover,Female,1955
20,Nat King Cole,A Blossom Fell,Male,1955
21,Al Hibbler,Unchained Melody,Male,1955
22,Fess Parker,The Ballad Of Davy Crockett,Male,1955
23,Art Mooney,Honey Babe,Male,1955
24,Tennessee Ernie Ford,The Ballad Of Davy Crockett,Male,1955
25,Perry Como,Ko Ko Mo,Male,1955
26,Gisele Mackenzie,Hard To Get,Female,1955
27,Ames Brothers,The Naughty Lady Of Shady Lane,Male Group,1955
28,Jaye P. Morgan,That’s All I Want From You,Female ,1955
29,Platters,Only You,Mixed Group,1955
30,Somethin’ Smith and The Redheads,It’s A Sin To Tell A Lie,Male Group,1955
1,Percy Faith,Theme From “A Summer Place”,Male,1960
2,Jim Reeves,He’ll Have To Go,Male,1960
3,Everly Brothers,Cathy’s Clown,Male Group,1960
4,Johnny Preston,Running Bear,Male,1960
5,Mark Dinning,Teen Angel,Male,1960
6,Brenda Lee,I’m Sorry,Female,1960
7,Elvis Presley,It’s Now Or Never,Male,1960
8,Jimmy Jones,Handy Man,Male,1960
9,Elvis Presley,Stuck On You,Male,1960
10,Chubby Checker,The Twist,Male,1960
11,Connie Francis,Everybody’s Somebody’s Fool,Female,1960
12,Bobby Rydell,Wild One,Male,1960
13,Brothers Four,Greenfields,Male Group,1960
14,Jack Scott,What In The World’s Come Over You,Male,1960
15,Marty Robbins,El Paso,Male,1960
16,Hollywood Argyles,Alley-oop,Male Group,1960
17,Connie Francis,My Heart Has A Mind Of Its Own,Female,1960
18,Brenda Lee,Sweet Nothin’s,Female,1960
19,Brian Hyland,Itsy Bitsy Teenie Weenie Yellow Polkadot Bikini,Male,1960
20,Roy Orbison,Only The Lonely,Male,1960
21,Dion and The Belmonts,Where Or When,Male Group,1960
22,Connie Stevens,Sixteen Reasons,Female,1960
23,Paul Anka,Puppy Love,Male,1960
24,Frankie Avalon,Why,Male,1960
25,Ventures,"Walk, Dont Run",Male Group,1960
26,Drifters,Save The Last Dance For Me,Male Group,1960
27,Brook Benton and Dinah Washington,Baby (You Got What It Takes),Mixed Group,1960
28,Johnny Horton,Sink The Bismark,Male,1960
29,Sam Cooke,Chain Gang,Male,1960
30,Everly Brothers,Let It Be Me,Male Group,1960
31,Jimmy Jones,Good Timin’,Male,1960
32,Bobby Darin,Beyond The Sea,Male,1960
33,Jimmy Clanton,Go Jimmy Go,Male,1960
34,Jackie Wilson,Night,Male,1960
35,Jack Scott,Burning Bridges,Male,1960
36,Toni Fisher,The Big Hurt,Female,1960
37,Duane Eddy,Because They’re Young,Male,1960
38,Conway Twitty,Lonely Blue Boy,Male,1960
39,Steve Lawrence,Pretty Blue Eyes,Male,1960
40,Freddie Cannon,Way Down Yonder In New Orleans,Male,1960
41,Anita Bryant,Paper Roses,Female,1960
42,Larry Verne,Mr. Custer,Male,1960
43,Brenda Lee,I Want To Be Wanted,Female,1960
44,Fendermen,Mule Skinner Blues,Male Group,1960
45,Johnny Preston,Cradle Of Love,Male,1960
46,Marv Johnson,You’ve Got What It Takes,Male,1960
47,Hank Locklin,"Please Help Me, I’m Falling",Male,1960
48,Ron Holden,Love You So,Male,1960
49,Hank Ballard and The Midnighters,Finger Poppin’ Time,Male Group,1960
50,Platters,Harbor Lights,Mixed Group,1960
51,Billy Bland,Let The Little Girl Dance,Male,1960
52,Jeanne Black,He’ll Have To Stay,Female,1960
53,Ferrante and Teicher,Theme From The Apartment,Male Group,1960
54,Bobby Rydell,Volare (Nel Blu Dipinto Di Blu),Male,1960
55,Jimmy Charles,A Million To One,Male,1960
56,Andy Williams,The Village Of St. Bernadette,Male,1960
57,The Browns,The Old Lamplighter,Mixed Group,1960
58,Bill Black’s Combo,White Silver Sands,Male Group,1960
59,Bobby Vee,Devil Or Angel,Male,1960
60,Four Preps,Down By The Station,Male Group,1960
61,Little Dippers,Forever,Mixed Group,1960
62,Safaris and The Phantom’s Band,Image Of A Girl,Male Group,1960
63,Brook Benton,Kiddio,Female,1960
64,Donnie Brooks,Mission Bell,Male,1960
65,Marv Johnson,I Love The Way You Love,Male,1960
66,Paul Anka,It’s Time To Cry,Male,1960
67,Ray Peterson,Tell Laura I Love Her,Male,1960
68,Connie Francis,Mama,Female,1960
69,Steve Lawrence,Footsteps,Male,1960
70,Everly Brothers,So Sad,Male Group,1960
71,Brenda Lee,That’s All You Gotta Do,Female,1960
72,Fats Domino,Walking To New Orleans,Male,1960
73,Connie Francis,Among My Souvenirs,Female Group,1960
74,Bobby Rydell,Swingin’ School,Male,1960
75,Dinah Washington and Brook Benton,A Rockin’ Good Way,Female Group,1960
76,Neil Sedaka,Stairway To Heaven,Male,1960
77,Paul Anka,My Home Town,Male,1960
78,Ray Charles,Georgia On My Mind,Male,1960
79,Skip and Flip,Cherry Pie,Male,1960
80,Sam Cooke,Wonderful World,Male,1960
81,Spencer Ross,Tracy’s Theme,Male,1960
82,Lloyd Price,Lady Luck,Male,1960
83,Crests,Step By Step,Male Group,1960
84,Paul Evans,Happy-Go-Lucky Me,Male,1960
85,Ricky Nelson,Young Emotions,Male,1960
86,Johnny Burnette,Dreamin’,Male,1960
87,Johnny Tillotson,Poetry In Motion,Male,1960
88,Annette,O Dio Mio,Female,1960
89,Joe Jones,You Talk Too Much,Male,1960
90,Johnny and The Hurricanes,Beatnik Fly,Male Group,1960
91,Everly Brothers,When Will I Be Loved,Male Group,1960
92,Bob Luman,Let’s Think About Livin’,Male,1960
93,Guy Mitchell,Heartaches By The Number,Male,1960
94,Anita Bryant,In My Little Corner Of The World,Female,1960
95,Jackie Wilson,Doggin’ Around,Male,1960
96,Bobby Rydell,Little Bitty Girl,Male,1960
97,Barret Strong,Money,Male,1960
98,Maurice Williams,Stay,Male,1960
99,Charlie Rich,Lonely Weekends,Male,1960
100,Larry Hall,Sandy,Male,1960
1,Sam The Sham and The Pharaohs,Wooly Bully,Male Group,1965
2,Four Tops,I Can’t Help Myself (Sugar Pie Honey Bunch),Male Group,1965
3,Rolling Stones,(I Can’t Get No) Satisfaction,Male Group,1965
4,We Five,You Were On My Mind,Mixed Group,1965
5,Righteous Brothers,You’ve Lost That Lovin’ Feelin’,Male Group,1965
6,Petula Clark,Downtown,Female,1965
7,Beatles,Help!,Male Group,1965
8,Herman’s Hermits,Can’t You Hear My Heartbeat,Male Group,1965
9,Elvis Presley,Crying In The Chapel,Male,1965
10,Temptations,My Girl,Male Group,1965
11,Beach Boys,"Help Me, Rhonda",Male Group,1965
12,Roger Miller,King Of The Road,Male,1965
13,Jewel Aikens,The Birds And The Bees,Male,1965
14,Mel Carter,"Hold Me, Thrill Me, Kiss Me",Male,1965
15,Jr. Walker and The All Stars,Shotgun,Male Group,1965
16,Sonny and Cher,I Got You Babe,Mixed Group,1965
17,Gary Lewis and The Playboys,This Diamond Ring,Male Group,1965
18,Ramsey Lewis Trio,The “In” Crowd,Male Group,1965
19,Herman’s Hermits,Mrs. Brown You’ve Got A Lovely Daughter,Male Group,1965
20,Supremes,Stop! In The Name Of Love,Female Group,1965
21,Righteous Brothers,Unchained Melody,Male Group,1965
22,Herman’s Hermits,Silhouettes,Male Group,1965
23,Seekers,I’ll Never Find Another You,Mixed Group,1965
24,Jay and The Americans,"Cara, Mia",Male Group,1965
25,Byrds,Mr. Tambourine Man,Male Group,1965
26,Sounds Orchestral,Cast Your Fate To The Wind,Male Group,1965
27,Barbara Mason,"Yes, I’m Ready",Female,1965
28,Tom Jones,What’s New Pussycat?,Male,1965
29,Barry McGuire,Eve Of Destruction,Male,1965
30,McCoys,Hang On Sloopy,Male Group,1965
31,Beatles,Ticket To Ride,Male Group,1965
32,Bert Kaempfert and His Orch.,Red Roses For A Blue Lady,Male,1965
33,James Brown and The Famous Flames,Papa’s Got A Brand New Bag,Male,1965
34,Wayne Fontana and The Mindbenders,Game Of Love,Male,1965
35,Shirley Ellis,The Name Game,Female,1965
36,Petula Clark,I Know A Place,Female,1965
37,Supremes,Back In My Arms Again,Female Group,1965
38,Barbara Lewis,Baby I’m Yours,Female,1965
39,Kingsmen,The Jolly Green Giant,Male Group,1965
40,Patti Page,"Hush, Hush, Sweet Charlotte",Female,1965
41,Bob Dylan,Like A Rolling Stone,Male,1965
42,Freddie and The Dreamers,I’m Telling You Now,Male,1965
43,Gerry and The Pacemakers,Ferry Cross The Mersey,Male,1965
44,Righteous Brothers,Just Once In My Life,Male Group,1965
45,Johnny Rivers,Seventh Son,Male,1965
46,Herman’s Hermits,"I’m Henry VIII, I Am",Male Group,1965
47,Horst Jankowski,A Walk In The Black Forest,Male,1965
48,Yardbirds,For Your Love,Male Group,1965
49,Beach Boys,California Girls,Male Group,1965
50,Moody Blues,Go Now,Male Group,1965
51,Shirley Bassey,Goldfinger,Female,1965
52,Billy Joe Royal,Down In The Boondocks,Male,1965
53,Glenn Yarbrough,Baby The Rain Must Fall,Male,1965
54,Dave Clark Five,Catch Us If You Can,Male Group,1965
55,Beatles,Eight Days A Week,Male Group,1965
56,Beau Brummels,Just A Little,Male Group,1965
57,Ian Whitcomb,You Turn Me On,Male,1965
58,Marvin Gaye,I’ll Be Doggone,Male,1965
59,Gary Lewis and The Playboys,Save Your Heart For Me,Male,1965
60,Kinks,Tired Of Waiting For You,Male Group,1965
61,Gary Lewis and The Playboys,Count Me In,Male,1965
62,Kinks,All Day And All Of The Night,Male Group,1965
63,Jackie DeShannon,What The World Needs Now Is Love,Female,1965
64,Tom Jones,It’s Not Unusual,Male,1965
65,Sir Douglas Quintet,She’s About A Mover,Male Group,1965
66,Sam Cooke,Shake,Male,1965
67,Herman’s Hermits,Wonderful World,Male Group,1965
68,Martha and The Vandellas,Nowhere To Run,Female Group,1965
69,Yardbirds,Heart Full Of Soul,Male Group,1965
70,Searchers,Love Potion Number Nine,Male Group,1965
71,Dickle Lee,Laurie (Strange Things Happen),Male,1965
72,Sonny and Cher,Baby Don’t Go,Mixed Group,1965
73,Turtles,It Ain’t Me Babe,Male Group,1965
74,Zombies,Tell Her No,Male Group,1965
75,Peter and Gordon,I Go To Pieces,Male Group,1965
76,Vic Dana,Red Roses For A Blue Lady,Male,1965
77,Patty Duke,Don’t Just Stand There,Female,1965
78,Miracles,The Tracks Of My Tears,Mixed Group,1965
79,Brenda Lee,Too Many Rivers,Female,1965
80,Dave Clark Five,I Like It Like That,Male Group,1965
81,Bobby Goldsboro,Little Things,Male,1965
82,Peter and Gordon,True Love Ways,Male Group,1965
83,Four Tops,It’s The Same Old Song,Male Group,1965
84,Fortunes,You’ve Got Your Troubles,Male Group,1965
85,Joe Tex,Hold What You’ve Got,Male,1965
86,Animals,We Gotta Get Out Of This Place,Male Group,1965
87,Beau Brummels,"Laugh, Laugh",Male Group,1965
88,Rolling Stones,The Last Time,Male Group,1965
89,Lovin’ Spoonful,Do You Believe In Magic,Male Group,1965
90,Cher,All I Really Want To Do,Female,1965
91,Little Anthony and The Imperials,Take Me Back,Male,1965
92,Strangeloves,I Want Candy,Male Group,1965
93,Miracles,Ooo Baby Baby,Mixed Group,1965
94,Sonny,Laugh At Me,Male,1965
95,Roy Head,Treat Her Right,Male,1965
96,Jack Jones,The Race Is On,Male,1965
97,"Dino, Desi and Billy",I’m A Fool,Male Group,1965
98,Ad Libs,The Boy From New York City,Mixed Group,1965
99,Del Shannon,Keep Searchin’,Male,1965
100,Marvin Gaye,How Sweet It Is (To Be Loved By You),Male,1965
1,Simon and Garfunkel,Bridge Over Troubled Water,Male Group,1970
2,Carpenters,(They Long To Be) Close To You,Mixed Group,1970
3,Guess Who,American Woman / No Sugar Tonight,Male Group,1970
4,B.J. Thomas,Raindrops Keep Fallin’ On My Head,Male,1970
5,Edwin Starr,War,Male,1970
6,Diana Ross,Ain’t No Mountain High Enough,Female,1970
7,Jackson 5,I’ll Be There,Male Group,1970
8,Rare Earth,Get Ready,Male Group,1970
9,Beatles,Let It Be,Male Group,1970
10,Freda Payne,Band Of Gold,Female,1970
11,Three Dog Night,Mama Told Me (Not To Come),Male Group,1970
12,Ray Stevens,Everything Is Beautiful,Male,1970
13,Bread,Make It With You,Male Group,1970
14,Vanity Fair,Hitchin’ A Ride,Male Group,1970
15,Jackson 5,ABC,Male Group,1970
16,Jackson 5,The Love You Save / I Found That Girl,Male Group,1970
17,Neil Diamond,Cracklin’ Rose,Male,1970
18,Dawn,Candida,Mixed Group,1970
19,Sly and The Family Stone,Thank You (Fallettin Me Be Mice Elf Again) / Everybody Is A Star,Mixed Group,1970
20,Eric Burdon and War,Spill The Wine,Male Group,1970
21,Five Stairsteps and Cubie,O-o-h Child / Dear Prudence,Male Group,1970
22,Norman Greenbaum,Spirit In The Sky,Male,1970
23,Melanie and The Edwin Hawkins Singers,Lay Down (Candles In The Rain),Mixed Group,1970
24,Temptations,Ball Of Confusion (That’s What The World Is Today),Male Group,1970
25,Moments,Love On A Two Way Street,Male Group,1970
26,Poppy Family,Which Way You Goin’ Billy?,Mixed Group,1970
27,Free,All Right Now,Male Group,1970
28,Jackson 5,I Want You Back,Male Group,1970
29,Bobby Sherman,"Julie, Do Ya Love Me",Male,1970
30,Sugarloaf,Green-eyed Lady,Male Group,1970
31,Stevie Wonder,"Signed Sealed, Delivered (I’m Yours)",Male,1970
32,Blues Image,Ride Captain Ride,Male Group,1970
33,Shocking Blue,Venus,Mixed Group,1970
34,John Ono Lennon,Instant Karma (We All Shine On),Male,1970
35,Clarence Carter,Patches,Male,1970
36,Creedence Clearwater Revival,Lookin’ Out My Back Door / Long As I Can See The Light,Male Group,1970
37,Brook Benton,Rainy Night In Georgia,Male,1970
38,Kenny Rogers and The First Edition,Something’s Burning,Mixed Group,1970
39,Chairmen Of The Board,Give Me Just A Little More Time,Male Group,1970
40,Edison Lighthouse,Love Grows (Where My Rosemary Goes),Male Group,1970
41,Beatles,The Long And Winding Road / For You Blue,Male Group,1970
42,Anne Murray,Snowbird,Female,1970
43,Marmalade,Reflections Of My Life,Male Group,1970
44,Eddie Holman,Hey There Lonely Girl,Male,1970
45,Jaggerz,The Rapper,Male Group,1970
46,Hollies,"He Ain’t Heavy, He’s My Brother",Male Group,1970
47,Alive and Kicking,"Tighter, Tighter",Mixed Group,1970
48,Badfinger,Come And Get It,Male Group,1970
49,Simon and Garfunkel,Cecelia,Male Group,1970
50,Charles Wright and The Watts 103rd Street Rhythm Band,Love Land,Male Group,1970
51,Tyrone Davis,Turn Back The Hands Of Time,Male,1970
52,Kinks,Lola,Male Group,1970
53,Mungo Jerry,In The Summertime,Male Group,1970
54,R. Dean Taylor,Indiana Wants Me,Male,1970
55,Rare Earth,(I Know) I’m Losing You,Male Group,1970
56,Bobby Sherman,"Easy Come, Easy Go",Male,1970
57,Charles Wright and The Watts 103rd Street Rhythm Band,Express Yourself,Male Group,1970
58,Four Tops,Still Water (Love),Male Group,1970
59,Chicago,Make Me Smile,Male Group,1970
60,Frijid Pink,House Of The Rising Sun,Male Group,1970
61,Chicago,25 Or 6 To 4,Male Group,1970
62,White Plains,My Baby Loves Lovin’,Male Group,1970
63,Friends Of Distinction,Love Or Let Me Be Lonely,Mixed Group,1970
64,Brotherhood Of Man,United We Stand,Mixed Group,1970
65,Carpenters,We’ve Only Just Begun,Mixed Group,1970
66,Mark Lindsay,Arizona,Male,1970
67,James Taylor,Fire And Rain,Male,1970
68,Gene Chandler,Groovy Situation,Male,1970
69,Santana,Evil Ways,Male,1970
70,Guess Who,No Time,Male Group,1970
71,Delfonics,Didn’t I (Blow Your Mind This Time),Male Group,1970
72,Elvis Presley,The Wonder Of You / Mama Liked The Roses,Male,1970
73,Creedence Clearwater Revival,Up Around The Bend / Run Through The Jungle,Male Group,1970
74,Ronnie Dyson,(If You Let Me Make Love To You Then) Why Can’t I Touch You,Male,1970
75,B.J. Thomas,I Just Can’t Help Believing,Male,1970
76,Spinners,It’s A Shame,Male Group,1970
77,Bobbi Martin,For The Love Of Him,Female,1970
78,Mountain,Mississippi Queen,Male Group,1970
79,Ike and Tina Turner,I Want To Take You Higher,Mixed Group,1970
80,Joe Cocker,The Letter,Male,1970
81,Tee Set,Ma Belle Amie,Male Group,1970
82,Originals,The Bells,Male Group,1970
83,Christie,Yellow River,Male Group,1970
84,100 Proof Aged In Soul,Somebody’s Been Sleeping,Mixed Group,1970
85,Ides Of March,Vehicle,Male Group,1970
86,Pipkins,Gimme Dat Ding,Male Group,1970
87,Robin Mcnamara,Lay A Little Lovin’ On Me,Male,1970
88,Supremes,Up The Ladder To The Roof,Female Group,1970
89,Creedence Clearwater Revival,Travelin’ Band / Who’ll Stop The Rain,Male Group,1970
90,Sandpipers,Come Saturday Morning,Male Group,1970
91,Temptations,Psychedelic Shack,Male Group,1970
92,Tom Jones,Without Love (There Is Nothing),Male,1970
93,Pacific Gas and Electric,Are You Ready?,Male Group,1970
94,"Crosby, Stills, Nash and Young",Woodstock,Male Group,1970
95,Dionne Warwick,I’ll Never Fall In Love Again,Female,1970
96,New Seekers,Look What They’ve Done To My Song Ma,Mixed Group,1970
97,Joe South,Walk A Mile In My Shoes,Male,1970
98,B.B. King,The Thrill Is Gone,Male,1970
99,Glen Campbell,It’s Only Make Believe,Male,1970
100,Aretha Franklin,Call Me,Female,1970
1,Captain and Tennille,Love Will Keep Us Together,Mixed Group,1975
2,Glen Campbell,Rhinestone Cowboy,Male,1975
3,Elton John,Philadelphia Freedom,Male,1975
4,Freddy Fender,Before The Next Teardrop Falls,Male,1975
5,Frankie Valli,My Eyes Adored You,Male,1975
6,"Earth, Wind and Fire",Shining Star,Male Group,1975
7,David Bowie,Fame,Male,1975
8,Neil Sedaka,Laughter In The Rain,Male,1975
9,Eagles,One Of These Nights,Male Group,1975
10,John Denver,Thank God I’m A Country Boy,Male,1975
11,Bee Gees,Jive Talkin’,Male Group,1975
12,Eagles,Best Of My Love,Male Group,1975
13,Minnie Riperton,Lovin’ You,Female,1975
14,Carl Douglas,Kung Fu Fighting,Male,1975
15,Doobie Brothers,Black Water,Male Group,1975
16,Sweet,Ballroom Blitz,Male Group,1975
17,B.J. Thomas,(Hey Wont You Play) Another Somebody Done Somebody Wrong Song,Male,1975
18,Tony Orlando and Dawn,He Don’t Love You (Like I Love You),Mixed Group,1975
19,Janis Ian,At Seventeen,Female,1975
20,Average White Band,Pick Up The Pieces,Male Group,1975
21,Van McCoy and The Soul City Symphony,The Hustle,Male,1975
22,Labelle,Lady Marmalade,Female Group,1975
23,War,Why Can’t We Be Friends?,Male Group,1975
24,Major Harris,Love Wont Let Me Wait,Male,1975
25,Stevie Wonder,Boogie On Reggae Woman,Male,1975
26,Freddy Fender,Wasted Days And Wasted Nights,Male,1975
27,Isley Brothers,"Fight The Power, Pt. 1",Male Group,1975
28,Helen Reddy,Angie Baby,Female,1975
29,Ozark Mountain Daredevil,Jackie Blue,Male Group,1975
30,Ohio Players,Fire,Mixed Group,1975
31,Pilot,Magic,Male Group,1975
32,Carpenters,Please Mr. Postman,Mixed Group,1975
33,America,Sister Golden Hair,Male Group,1975
34,Elton John,Lucy In The Sky With Diamonds,Male,1975
35,Barry Manilow,Mandy,Male,1975
36,Olivia Newton-John,Have You Never Been Mellow,Female,1975
37,Barry Manilow,Could It Be Magic,Male,1975
38,Harry Chapin,Cat’s In The Cradle,Male,1975
39,Michael Murphy,Wildfire,Male,1975
40,Jessi Colter,I’m Not Lisa,Female,1975
41,Wings,Listen To What The Man Said,Male Group,1975
42,10cc,I’m Not In Love,Male Group,1975
43,Billy Swan,I Can Help,male,1975
44,"Hamilton, Joe Frank and Reynolds",Fallin’ In Love,Male Group,1975
45,Morris Albert,Feelings,Male,1975
46,Sammy Johns,Chevy Van,Male,1975
47,Linda Ronstadt,When Will I Be Loved,Female,1975
48,Barry White,"You’re The First, The Last, My Everthing",Male,1975
49,Olivia Newton-John,Please Mr Please,Female,1975
50,Linda Ronstadt,You’re No Good,Female,1975
51,Bazuka,Dynomite,Male Group,1975
52,Blackbyrds,Walking In Rhythm,Male Group,1975
53,Gladys Knight and The Pips,The Way We Were / Try To Remember,Female,1975
54,Melissa Manchester,Midnight Blue,Female,1975
55,Sugarloaf,"Don’t Call Us, We’ll Call You",Male Group,1975
56,Phoebe Snow,Poetry Man,Female,1975
57,Ace,How Long,Male Group,1975
58,B.T. Express,Express,Male Group,1975
59,"Earth, Wind and Fire",That’s The Way Of The World,Male Group,1975
60,Styx,Lady,Male Group,1975
61,Grand Funk,Bad Time,Male Group,1975
62,Alice Cooper,Only Women Bleed,Female,1975
63,Carol Douglas,Doctor’s Orders,Female,1975
64,K.C. and The Sunshine Band,Get Down Tonight,Mixed Group,1975
65,Joe Cocker,You Are So Beautiful / It’s A Sin When You Love Somebody,Male,1975
66,Paul Anka and Odia Coates,One Man Woman-One Woman Man,Mixed Group,1975
67,Bad Company,Feel Like Makin’ Love,Male Group,1975
68,James Taylor,How Sweet It Is,Male,1975
69,Orleans,Dance With Me,Male Group,1975
70,Average White Band,Cut The Cake,Male Group,1975
71,Gloria Gaynor,Never Can Say Goodbye,Female,1975
72,Paul Anka,I Don’t Like To Sleep Alone,Male,1975
73,Donny and Marie Osmond,Morning Side Of The Mountain,Mixed Group,1975
74,Grand Funk,Some Kind Of Wonderful,Male Group,1975
75,Three Degrees,When Will I See You Again,Female Group,1975
76,Joe Simon,"Get Down, Get Down (Get On The Floor)",Male,1975
77,John Denver,I’m Sorry / Calypso,Male,1975
78,Queen,Killer Queen,Male Group,1975
79,Eddie Kendricks,Shoeshine Boy,Male Group,1975
80,B.T. Express,Do It (Til You’re Satisfied),Male Group,1975
81,Electric Light Orchestra,Can’t Get It Out Of My Head,Male Group,1975
82,Al Green,Sha-La-La (Make Me Happy),Male,1975
83,America,Lonely People,Male Group,1975
84,Rufus,You Got The Love,Male Group,1975
85,Mike Post,The Rockford Files,Male,1975
86,Tavares,It Only Takes A Minute,Male Group,1975
87,Ringo Starr,No No Song / Snookeroo,Male,1975
88,Paul McCartney and Wings,Junior’s Farm / Sally G,Male Group,1975
89,Jethro Tull,Bungle In The Jungle,Male,1975
90,Leo Sayer,Long Tall Glasses (I Can Dance),Male,1975
91,Elton John,Someone Saved My Life Tonight,Male,1975
92,Ray Stevens,Misty,Male,1975
93,Neil Sedaka,Bad Blood,Male,1975
94,Carpenters,Only Yesterday,Mixed Group,1975
95,Dwight Twilley Band,I’m On Fire,Male Group,1975
96,Ringo Starr,Only You,Male,1975
97,Amazing Rhythm Aces,Third Rate Romance,Male Group,1975
98,Bachman-Turner Overdrive,You Aint Seen Nothin’ Yet / Free Wheelin’,Male Group,1975
99,Frankie Valli,Swearin’ To God,Male,1975
100,Disco Tex and The Sex-O-lettes,Get Dancin’,Male Group,1975
1,Blondie,Call Me,Mixed Group,1980
2,Pink Floyd,Another Brick In The Wall,Male Group,1980
3,Olivia Newton-John,Magic,Female,1980
4,Michael Jackson,Rock With You,Male,1980
5,Captain and Tennille,Do That To Me One More Time,Mixed Group,1980
6,Queen,Crazy Little Thing Called Love,Male Group,1980
7,Paul McCartney,Coming Up,Male,1980
8,"Lipps, Inc.",Funkytown,Mixed Group,1980
9,Billy Joel,It’s Still Rock And Roll To Me,Male,1980
10,Bette Midler,The Rose,Female,1980
11,Rupert Holmes,Escape (The Pina Colada Song),Male,1980
12,Gary Numan,Cars,Male,1980
13,Smokey Robinson,Cruisin’,Male,1980
14,Spinners,Working My Way Back To You-Forgive Me Girl,Male Group,1980
15,Air Supply,Lost In Love,Male Group,1980
16,Elton John,Little Jeannie,Male,1980
17,Cristopher Cross,Ride Like The Wind,Male,1980
18,Diana Ross,Upside Down,Female,1980
19,K.C. and The Sunshine Band,Please Don’t Go,Mixed Group,1980
20,Styx,Babe,Male Group,1980
21,Billy Preston and Syreeta,With You I’m Born Again,Mixed Group,1980
22,Manhattans,Shining Star,Male Group,1980
23,Commodores,Still,Male Group,1980
24,Teri De Sario With K.C.,"Yes, I’m Ready",Female,1980
25,Dr. Hook,Sexy Eyes,Male,1980
26,Robbie Dupree,Steal Away,Male,1980
27,Ambrosia,Biggest Part Of Me,Male Group,1980
28,Kenny Loggins,This Is It,Male Group,1980
29,Spinners,Cupid/I’ve Loved You For A Long Time,Male Group,1980
30,Jermaine Jackson,Let’s Get Serious,Male,1980
31,Kenny Rogers and Kim Carnes,Don’t Fall In Love With A Dreamer,Mixed Group,1980
32,Christopher Cross,Sailing,Male,1980
33,Dan Fogelberg,Longer,Male,1980
34,Kenny Rogers,Coward Of The County,Male,1980
35,Kool and The Gang,Ladies Night,Male Group,1980
36,Kool and The Gang,Too Hot,Male Group,1980
37,S.O.S. Band,Take Your Time,Mixed Group,1980
38,Barbra Streisand and Donna Summer,No More Tears (Enough Is Enough),Female,1980
39,Kim Carnes,More Love,Female,1980
40,M,Pop Muzik,Male,1980
41,Pretenders,Brass In Pocket,Mixed Group,1980
42,"Ray, Goodman and Brown",Special Lady,Male Group,1980
43,Stevie Wonder,Send One Your Love,Male,1980
44,Shalamar,The Second Time Around,Mixed Group,1980
45,Cliff Richard,We Don’t Talk Anymore,Male,1980
46,Brothers Johnson,Stomp,Male Group,1980
47,Eagles,Heartache Tonight,Male Group,1980
48,Rocky Burnette,Tired Of Toein’ The Line,Male,1980
49,Dr. Hook,Better Love Next Time,Male,1980
50,Rupert Holmes,Him,Male,1980
51,Bob Seger and The Silver Bullet Band,Against The Wind,Male,1980
52,Donna Summer,On The Radio,Female,1980
53,Rolling Stones,Emotional Rescue,Male Group,1980
54,Herb Alpert,Rise,Male,1980
55,Air Supply,All Out Of Love,Male Group,1980
56,Little River Band,Cool Change,Male Group,1980
57,J.D. Souther,You’re Only Lonely,Male,1980
58,Andy Gibb,Desire,Male,1980
59,Pete Townshend,Let My Love Open The Door,Male,1980
60,Steve Forbert,Romeo’s Tune,Male,1980
61,Anne Murray,Daydream Believer,Female,1980
62,Eagles,I Can’t Tell You Why,Male Group,1980
63,Isaac Hayes,Don’t Let Go,Male,1980
64,Tom Petty and The Heartbreakers,Don’t Do Me Like That,Male,1980
65,Michael Jackson,She’s Out Of My Life,Male,1980
66,Irene Cara,Fame,Female,1980
67,Bob Seger and The Silver Bullet Band,Fire Lake,Male,1980
68,Linda Ronstadt,How Do I Make You,Female,1980
69,Benny Mardones,Into The Night,Male,1980
70,Pure Prairie League,Let Me Love You Tonight,Male Group,1980
71,Genesis,Misunderstanding,Male Group,1980
72,Dirt Band,An American Dream,Male Group,1980
73,Carole King,One Fine Day,Female,1980
74,Donna Summer,Dim All The Lights,Female,1980
75,Billy Joel,You May Be Right,Male,1980
76,Neil Sedaka and Dara Sedaka,Should’ve Never Let You Go,Mixed Group,1980
77,Charlie Dore,Pilot Of The Airwaves,Male,1980
78,Linda Ronstadt,Hurt So Bad,Female,1980
79,Michael Jackson,Off The Wall,Male,1980
80,Peaches and Herb,I Pledge My Love,Mixed Group,1980
81,Eagles,The Long Run,Male Group,1980
82,Mickey Gilley,Stand By Me,Male,1980
83,Pat Benatar,Heartbreaker,Male,1980
84,Dionne Warwick,Deja Vu,Female,1980
85,Eddie Rabbitt,Drivin’ My Life Away,Male,1980
86,Supertramp,Take The Long Way Home,Male Group,1980
87,Fleetwood Mac,Sara,Male Group,1980
88,Daryl Hall and John Oates,Wait For Me,Male,1980
89,Boz Scaggs,Jo Jo,Male,1980
90,Neil Diamond,September Morn,Male,1980
91,George Benson,Give Me The Night,Male,1980
92,Anne Murray,Broken Hearted Me,Female,1980
93,Kenny Rogers,You Decorated My Life,Male,1980
94,Fleetwood Mac,Tusk,Male Group,1980
95,Prince,I Wanna Be Your Lover,Male,1980
96,Charlie Daniels Band,In America,Male Group,1980
97,Boz Scaggs,Breakdown Dead Ahead,Male,1980
98,Barry Manilow,Ships,Male,1980
99,Joe Walsh,All Night Long,Male,1980
100,Tom Petty and The Heartbreakers,Refugee,Male,1980
1,Wham!,Careless Whisper,Male Group,1985
2,Madonna,Like A Virgin,Female,1985
3,Wham!,Wake Me Up Before You Go-Go,Male Group,1985
4,Foreigner,I Want To Know What Love Is,Male Group,1985
5,Chaka Khan,I Feel For You,Female,1985
6,Daryl Hall and John Oates,Out Of Touch,Male Group,1985
7,Tears For Fears,Everybody Wants To Rule The World,Male Group,1985
8,Dire Straits,Money For Nothing,Male Group,1985
9,Madonna,Crazy For You,Female,1985
10,A-Ha,Take On Me,Male Group,1985
11,Paul Young,Everytime You Go Away,Male,1985
12,Phil Collins and Philip Bailey,Easy Lover,Male Group,1985
13,REO Speedwagon,Can’t Fight This Feeling,Male Group,1985
14,Starship,We Built This City,Mixed Group,1985
15,Huey Lewis and The News,The Power Of Love,Male Group,1985
16,Simple Minds,Don’t You (Forget About Me),Male Group,1985
17,Kool and The Gang,Cherish,Male Group,1985
18,John Parr,St. Elmo’s Fire (Man In Motion),Male,1985
19,Glenn Frey,The Heat Is On,Male,1985
20,U.S.A. For Africa,We Are The World,Mixed Group,1985
21,Tears For Fears,Shout,Male Group,1985
22,Stevie Wonder,Part-Time Lover,Male,1985
23,Whitney Houston,Saving All My Love For You,Female,1985
24,Bryan Adams,Heaven,Male,1985
25,Wham!,Everything She Wants,Male Group,1985
26,New Edition,Cool It Now,Male Group,1985
27,Jan Hammer,Miami Vice Theme,Male,1985
28,Billy Ocean,Lover Boy,Male,1985
29,Teena Marie,Lover Girl,Female,1985
30,Glenn Frey,You Belong To The City,Male,1985
31,Ready For The World,Oh Sheila,Male Group,1985
32,Debarge,Rhythm Of The Night,Mixed Group,1985
33,Phil Collins,One More Night,Male,1985
34,Honeydrippers,Sea Of Love,Male Group,1985
35,Duran Duran,A View To A Kill,Male Group,1985
36,Duran Duran,The Wild Boys,Male Group,1985
37,Chicago,You’re The Inspiration,Male Group,1985
38,Pointer Sisters,Neutron Dance,Female Group,1985
39,Pat Benatar,We Belong,Female,1985
40,Commodores,Nightshift,Male Group,1985
41,Howard Jones,Things Can Only Get Better,Male,1985
42,Jack Wagner,All I Need,Male,1985
43,Aretha Franklin,Freeway Of Love,Female,1985
44,Corey Hart,Never Surrender,Male,1985
45,Phil Collins,Sussudio,Male,1985
46,Sheena Easton,Strut,Female,1985
47,Whitney Houston,You Give Good Love,Female,1985
48,Survivor,The Search Is Over,Male Group,1985
49,Diana Ross,Missing You,Female,1985
50,Phil Collins and Marilyn Martin,Separate Lives,Mixed Group,1985
51,Prince and The Revolution,Raspberry Beret,Male,1985
52,Billy Ocean,Suddenly,Male,1985
53,Don Henley,The Boys Of Summer,Male,1985
54,Murray Head,One Night In Bangkok,Male,1985
55,Sting,If You Love Somebody Set Them Free,Male,1985
56,Animotion,Obsession,Mixed Group,1985
57,Tina Turner,We Don’t Need Another Hero,Female,1985
58,Madonna,Material Girl,Female,1985
59,Tina Turner,Better Be Good To Me,Female,1985
60,Tears For Fears,Head Over Heels,Male Group,1985
61,Harold Faltermeyer,Axel F,Male,1985
62,Sade,Smooth Operator,Female,1985
63,Mary Jane Girls,In My House,Female Group,1985
64,Phil Collins,Don’t Lose My Number,Male,1985
65,Cyndi Lauper,All Through The Night,Female,1985
66,Bryan Adams,Run To You,Male,1985
67,Bruce Springsteen,Glory Days,Male,1985
68,‘Til Tuesday,Voices Carry,Mixed Group,1985
69,Kool and The Gang,Misled,Male Group,1985
70,Eurythmics,Would I Lie To You?,Mixed Group,1985
71,ABC,Be Near Me,Male Group,1985
72,Paul McCartney,No More Lonely Nights,Male,1985
73,Survivor,I Can’t Hold Back,Male Group,1985
74,Bryan Adams,Summer Of ’69,Male,1985
75,Katrina and The Waves,Walking On Sunshine,Mixed Group,1985
76,Wham!,Freedom,Male Group,1985
77,Julian Lennon,Too Late For Goodbyes,Male,1985
78,Julian Lennon,Valotte,Male,1985
79,Power Station,Some Like It Hot,Male Group,1985
80,Ashford and Simpson,Solid,Mixed Group,1985
81,Madonna,Angel,Female,1985
82,Bruce Springsteen,I’m On Fire,Male,1985
83,Daryl Hall and John Oates,Method Op Modern Love,Male Group,1985
84,Thompson Twins,Lay Your Hands On Me,Mixed Group,1985
85,Debarge,Who’s Holding Donna Now,Mixed Group,1985
86,John Cougar Mellencamp,Lonely Ol’ Night,Male,1985
87,Heart,What About Love,Mixed Group,1985
88,David Lee Roth,California Girls,Male,1985
89,Kool and The Gang,Fresh,Male Group,1985
90,Jermaine Jackson,Do What You Do,Male,1985
91,The Time,Jungle Of Love,Male Group,1985
92,Bruce Springsteen,Born In The USA,Male,1985
93,Tina Turner,Private Dancer,Female,1985
94,Aretha Franklin,Who’s Zoomin’ Who,Female,1985
95,Sting,Fortress Around Your Heart,Male,1985
96,Lionel Richie,Penny Lover,Male,1985
97,Don Henley,All She Wants To Do Is Dance,Male,1985
98,Madonna,Dress You Up,Female,1985
99,Night Ranger,Sentimental Street,Male Group,1985
100,Sheena Easton,Sugar Walls,Female,1985
1,Wilson Phillips,Hold On,Female Group,1990
2,Roxette,It Must Have Been Love,Female,1990
3,Sinead O’Connor,Nothing Compares 2 U,Female,1990
4,Bell Biv Devoe,Poison,Male Group,1990
5,Madonna,Vogue,Female,1990
6,Mariah Carey,Vision Of Love,Female,1990
7,Phil Collins,Another Day In Paradise,Male,1990
8,En Vogue,Hold On,Female Group,1990
9,Billy Idol,Cradle Of Love,Male,1990
10,Jon Bon Jovi,Blaze Of Glory,Male,1990
11,Bell Biv Devoe,Do Me!,Male Group,1990
12,Michael Bolton,How Am I Supposed To Live Without You,Male,1990
13,Technotronic,Pump Up The Jam,Mixed Group,1990
14,Paula Abdul,Opposites Attract,Female,1990
15,Janet Jackson,Escapade,Female,1990
16,Heart,All I Wanna Do Is Make Love To You,Female Group,1990
17,Maxi Priest,Close To You,Male,1990
18,Alannah Myles,Black Velvet,Female,1990
19,Wilson Phillips,Release Me,Male,1990
20,Linda Ronstadt and Aaron Neville,Don’t Know Much,Mixed Group,1990
21,Lisa Stansfield,All Around The World,Female,1990
22,Calloway,I Wanna Be Rich,Male Group,1990
23,Johnny Gill,Rub You The Right Way,Male,1990
24,Glenn Medeiros feat. Bobby Brown,She Ain’t Worth It,Male,1990
25,Sweet Sensation,If Wishes Came True,Female Group,1990
26,Snap,The Power,Mixed Group,1990
27,Nelson,(Can’t Live Without Your) Love And Affection,Male Group,1990
28,Taylor Dayne,Love Will Lead You Back,Female,1990
29,Jane Child,Don’t Wanna Fall In Love,Female,1990
30,Seduction,Two To Make It Right,Female Group,1990
31,Linear,Sending All My Love,Male Group,1990
32,Poison,Unskinny Bop,Male Group,1990
33,New Kids On The Block,Step By Step,Male Group,1990
34,Roxette,Dangerous,Female,1990
35,Billy Joel,We Didn’t Start The Fire,Male,1990
36,James Ingram,I Don’t Have The Heart,Male,1990
37,Rod Stewart,Downtown Train,Male,1990
38,Janet Jackson,Rhythm Nation,Female,1990
39,Tommy Page,I’ll Be Your Everything,Male,1990
40,B-52’s,Roam,Mixed Group,1990
41,Jody Watley,Everything,Female,1990
42,Soul II Soul,Back To Life,Mixed Group,1990
43,Luther Vandross,Here And Now,Male,1990
44,Janet Jackson,Alright,Female,1990
45,Vanilla Ice,Ice Ice Baby,Male,1990
46,Milli Vanilli,Blame It On The Rain,Male Group,1990
47,M.C. Hammer,Have You Seen Her,Male,1990
48,Taylor Dayne,With Every Beat Of My Heart,Female,1990
49,Janet Jackson,Come Back To Me,Female,1990
50,Michel’le,No More Lies,Female,1990
51,George Michael,Praying For Time,Male,1990
52,Michael Bolton,How Can We Be Lovers,Male,1990
53,Phil Collins,Do You Remember,Male,1990
54,After 7,Ready Or Not,Male Group,1990
55,M.C. Hammer,U Can’t Touch This,Male,1990
56,Phil Collins,I Wish It Would Rain Down,Male,1990
57,Lou Gramm,Just Between You And Me,Male,1990
58,Phil Collins,Something Happened On The Way To Heaven,Male,1990
59,Janet Jackson,Black Cat,Female,1990
60,After 7,Can’t Stop,Male Group,1990
61,Aerosmith,Janie’s Got A Gun,Male Group,1990
62,Digital Underground,The Humpty Dance,Male Group,1990
63,Taylor Dayne,I’ll Be Your Shelter,Female,1990
64,Tom Petty,Free Fallin’,Male,1990
65,Pebbles,Giving You The Benefit,Female,1990
66,Depeche Mode,Enjoy The Silence,Male Group,1990
67,Tesla,Love Song,Male Group,1990
68,Bad English,Price Of Love,Male Group,1990
69,Tyler Collins,Girls Nite Out,Male,1990
70,Go West,King Of Wishful Thinking,Male Group,1990
71,Chicago,What Kind Of Man Would I Be?,Male Group,1990
72,Skid Row,I Remember You,Male Group,1990
73,Technotronic,Get Up! (Before The Night Is Over),Mixed Group,1990
74,Gloria Estefan,Here We Are,Female,1990
75,Faith No More,Epic,Male Group,1990
76,Mariah Carey,Love Takes Time,Female,1990
77,Cher,Just Like Jesse James,Female,1990
78,B-52s,Love Shack,Mixed Group,1990
79,Milli Vanilli,All Or Nothing,Male Group,1990
80,Dino,Romeo,Male,1990
81,Black Box,Everybody Everybody,Female,1990
82,Billy Joel,I Go To Extremes,Male,1990
83,Babyface,Whip Appeal,Male,1990
84,Paul Young,Oh Girl,Male,1990
85,D-Mob With Cathy Dennis,C’mon And Get My Love,Male,1990
86,Paula Abdul,(It’s Just) The Way That You Love Me,Female,1990
87,The Cover Girls,We Can’t Go Wrong,Female Group,1990
88,Michael Bolton,When I’m Back On My Feet Again,Male,1990
89,Keith Sweat,Make You Sweat,Male,1990
90,New Kids On The Block,This One’s For The Children,Male Group,1990
91,Aerosmith,What It Takes,Male Group,1990
92,Kiss,Forever,Male Group,1990
93,The Time,Jerk Out,Male Group,1990
94,Biz Markie,Just A Friend,Male,1990
95,A’me Lorain,Whole Wide World,Female,1990
96,Motley Crue,Without You,Male Group,1990
97,Jive Bunny and The Master Mixers,Swing The Mood,Male Group,1990
98,Prince,Thieves In The Temple,Male,1990
99,Mellow Man Ace,Mentirosa,Male,1990
100,Kyper,Tic-Tac-Toe,Male,1990
1,Coolio,Gangsta’s Paradise,Male,1995
2,TLC,Waterfalls,Female Group,1995
3,TLC,Creep,Female Group,1995
4,Seal,Kiss From A Rose,Male,1995
5,Boyz II Men,On Bended Knee,Male Group,1995
6,Real McCoy,Another Night,Mixed Group,1995
7,Mariah Carey,Fantasy,Female,1995
8,Madonna,Take A Bow,Female,1995
9,Monica,Don’t Take It Personal (Just One Of Dem Days),Female,1995
10,Montell Jordan,This Is How We Do It,Male,1995
11,Dionne Farris,I Know,Female,1995
12,Boyz II Men,Water Runs Dry,Male Group,1995
13,Adina Howard,Freak Like Me,Female,1995
14,Blues Traveler,Run-Around,Male Group,1995
15,All-4-One,I Can Love You Like That,Male Group,1995
16,Bryan Adams,Have You Ever Really Loved A Woman?,Male,1995
17,Bon Jovi,Always,Male,1995
18,Shaggy,Boombastic / In The Summertime,Male,1995
19,Nicki French,Total Eclipse Of The Heart,Female,1995
20,Des’ree,You Gotta Be,Female,1995
21,Michael Jackson,You Are Not Alone,Male,1995
22,Hootie and The Blowfish,Hold My Hand,Male Group,1995
23,Notorious B.I.G.,One More Chance-Stay With Me,Male,1995
24,Ini Kamoze,Here Comes The Hotstepper,Male,1995
25,Soul For Real,Candy Rain,Male Group,1995
26,Hootie and The Blowfish,Let Her Cry,Male Group,1995
27,Blessid Union Of Souls,I Believe,Male Group,1995
28,TLC,Red Light Special,Female Group,1995
29,Janet Jackson,Runaway,Female,1995
30,Sheryl Crow,Strong Enough,Female,1995
31,Vanessa Williams,Colors Of The Wind,Female,1995
32,Jon B.,Someone To Love,Male,1995
33,Hootie and The Blowfish,Only Wanna Be With You,Male Group,1995
34,Brownstone,If You Love Me,Female Group,1995
35,Martin Page,In The House Of Stone And Light,Male,1995
36,Luniz,I Got 5 On It,Male Group,1995
37,Brandy,Baby,Female,1995
38,Real McCoy,Run Away,Mixed Group,1995
39,Sophie B. Hawkins,As I Lay Me Down,Female,1995
40,Mokenstef,He’s Mine,Female Group,1995
41,Collective Soul,December,Male Group,1995
42,Method Man-Mary J. Blige,I’ll Be There For You-You’re All I Need To Get By,Mixed Group,1995
43,Diana King,Shy Guy,Female,1995
44,Melissa Etheridge,I’m The Only One,Female,1995
45,Soul For Real,Every Little Thing I Do,Male Group,1995
46,BLACKstreet,Before I Let You Go,Male Group,1995
47,Notorious B.I.G.,Big Poppa / Warning,Male,1995
48,4 P.M.,Sukiyaki,Male Group,1995
49,Brandy,I Wanna Be Down,Female,1995
50,Boyz II Men,I’ll Make Love To You,Male Group,1995
51,2Pac,Dear Mama / Old School,Male,1995
52,Jamie Walters,Hold On,Male,1995
53,Dr. Dre,Keep Their Heads Ringin’,Male,1995
54,Corona,The Rhythm Of The Night,Female,1995
55,Del Amitri,Roll To Me,Male Group,1995
56,Michael Jackson and Janet Jackson,Scream / Childhood,Mixed Group,1995
57,Jodeci,Freek’n You,Male Group,1995
58,Skee-lo,I Wish,Male,1995
59,Elton John,Believe,Male Group,1995
60,Natalie Merchant,Carnival,Female,1995
61,Tom Petty,You Don’t Know How It Feels,Male,1995
62,Take That,Back For Good,Male Group,1995
63,69 Boyz,Tootsee Roll,Male Group,1995
64,Janet Jackson,You Want This-70’s Love Groove,Female,1995
65,Groove Theory,Tell Me,Mixed Group,1995
66,Total,Can’t You See,Female Group,1995
67,Sheryl Crow,All I Wanna Do,Female,1995
68,Subway,This Lil’ Game We Play,Male Group,1995
69,Real McCoy,Come And Get Your Love,Mixed Group,1995
70,Bon Jovi,This Ain’t A Love Song,Male,1995
71,Madonna,Secret,Female,1995
72,Junior M.A.F.I.A.,Player’s Anthem,Mixed Group,1995
73,Naughty By Nature,Feel Me Flow,Male Group,1995
74,Jade,Every Day Of The Week,Female Group,1995
75,Vanessa Williams,The Sweetest Days,Female,1995
76,20 Fingers feat. Gillette,Short Dick Man,Female,1995
77,Brandy,Brokenhearted,Female,1995
78,Annie Lennox,No More “I Love You’s”,Female,1995
79,Faith Evans,You Used To Love Me,Mixed Group,1995
80,Immature,Constantly,Male Group,1995
81,U2,"Hold Me, Thrill Me, Kiss Me, Kill Me",Male Group,1995
82,Crystal Waters,100% Pure Love,Female,1995
83,Raphael Saadiq,Ask Of You,Male,1995
84,Az,Sugar Hill,Male,1995
85,Better Than Ezra,Good,Male Group,1995
86,D’angelo,Brown Sugar,Male,1995
87,Gloria Estefan,Turn The Beat Around,Female,1995
88,After 7,‘Til You Do Me Right,Male Group,1995
89,Bone Thugs-N-Harmony,1st Of Tha Month,Male Group,1995
90,Melissa Etheridge,Like The Way I Do-If I Wanted To,Female,1995
91,Firehouse,I Live My Life For You,Male Group,1995
92,Stevie B,Dream About You-Funky Melody,Male,1995
93,Rednex,Cotton Eye Joe,Mixed Group,1995
94,Boyz II Men,Thank You,Male Group,1995
95,Pretenders,I’ll Stand By You,Mixed Group,1995
96,N II U,I Miss You,Male Group,1995
97,Da Brat,Give It 2 You,Female,1995
98,Brandy,Best Friend,Female,1995
99,Soul Asylum,Misery,Male Group,1995
100,Van Halen,Can’t Stop Lovin’ You,Male Group,1995
1.0,Lifehouse,Hanging By A Moment,Male Group,2000
2.0,Alicia Keys,Fallin’,Female,2000
3.0,Janet,All For You,Female,2000
4.0,Train,Drops Of Jupiter (Tell Me),Male Group,2000
5.0,Jennifer Lopez feat. Ja Rule,I’m Real,Mixed Group,2000
6.0,matchbox twenty,If You’re Gone,Male Group,2000
7.0,Eve feat. Gwen Stefani,Let Me Blow Ya Mind,Female,2000
8.0,Dido,Thank You,Male,2000
9.0,Lenny Kravitz,Again,Male,2000
10.0,Destiny’s Child,Independent Women Part I,Female Group,2000
11.0,Blu Cantrell,Hit ‘Em Up Style (Oops!),Female,2000
12.0,Shaggy feat. Ricardo “RikRok” Ducent,It Wasn’t Me,Male,2000
13.0,Joe feat. Mystikal,Stutter,Male,2000
14.0,Staind,It’s Been Awhile,Male Group,2000
15.0,Usher,U Remind Me,Male,2000
16.0,Jagged Edge With Nelly,Where The Party At,Male,2000
17.0,Shaggy feat. Rayvon,Angel,Male,2000
18.0,Nelly feat. City Spud,Ride Wit Me,Male,2000
19.0,Uncle Kracker,Follow Me,Male,2000
20.0,112,Peaches & Cream,Male Group,2000
21.0,Incubus,Drive,Male Group,2000
22.0,City High,What Would You Do?,Mixed Group,2000
23.0,Destiny’s Child,Survivor,Female Group,2000
24.0,"Christina Aguilera, Lil’ Kim, Mya and Pink",Lady Marmalade,Female,2000
25.0,Outkast,Ms. Jackson,Male Group,2000
26.0,Jennifer Lopez,Love Don’t Cost A Thing,Female,2000
27.0,Faith Hill,The Way You Love Me,Female,2000
28.0,Dream,He Loves U Not,Male,2000
29.0,Crazy Town,Butterfly,Mixed Group,2000
30.0,Ja Rule feat. Lil’ Mo and Vita,Put It On Me,Mixed Group,2000
31.0,Mary J. Blige,Family Affair,Female,2000
32.0,Lee Ann Womack and Sons Of The Desert,I Hope You Dance,Mixed Group,2000
33.0,Moby feat. Gwen Stefani,South Side,Mixed Group,2000
34.0,Madonna,Don’t Tell Me,Female,2000
35.0,Missy “Misdemeanor” Elliott,Get Ur Freak On,Female,2000
36.0,K-Ci and JoJo,Crazy,Male Group,2000
37.0,Craig David,Fill Me In,Male,2000
38.0,Janet,Someone To Call My Lover,Female,2000
39.0,Creed,With Arms Wide Open,Male,2000
40.0,Mya,Case Of The Ex (Whatcha Gonna Do),Female,2000
41.0,O-Town,All Or Nothing,Mixed Group,2000
42.0,Destiny’s Child,Bootylicious,Female Group,2000
43.0,Nelly Furtado,I’m Like A Bird,Female,2000
44.0,3 Doors Down,Kryptonite,Male Group,2000
45.0,R. Kelly feat. Jay-Z,Fiesta,Male,2000
46.0,Sugar Ray,When It’s Over,Male,2000
47.0,Aerosmith,Jaded,Male Group,2000
48.0,Jagged Edge,Promise,Male Group,2000
49.0,Case,Missing You,Male,2000
50.0,Ginuwine,Differences,Male,2000
51.0,N Sync,This I Promise You,Male Group,2000
52.0,Jay-Z,Izzo (H.O.V.A.),Male,2000
53.0,Lil’ Mo feat. Fabolous,Superwoman Pt. II,Mixed Group,2000
54.0,Evan And Jaron,Crazy For This Girl,Mixed Group,2000
55.0,Ricky Martin and Christina Aguilera,Nobody Wants To Be Lonely,Mixed Group,2000
56.0,Jay-Z,I Just Wanna Love U (Give It 2 Me),Male,2000
57.0,Missy “Misdemeanor” Elliott,One Minute Man,Female,2000
58.0,Mystikal feat. Nivea,Danger (Been So Long),Mixed Group,2000
59.0,Enya,Only Time,Female,2000
60.0,Toya,I Do!!,Female,2000
61.0,S Club 7,Never Had A Dream Come True,Mixed Group,2000
62.0,Tamia,Stranger In My House,Female,2000
63.0,Jessica Simpson,Irresistible,Female,2000
64.0,Sunshine Anderson,Heard It All Before,Female,2000
65.0,Dave Matthews Band,The Space Between,Male Group,2000
66.0,Faith Hill,There You’ll Be,Female,2000
67.0,Musiq Soulchild,Love,Male,2000
68.0,112,It’s Over Now,Male Group,2000
69.0,3LW,No More (Baby I’ma Do Right),Female Group,2000
70.0,Nelly Furtado,Turn Off The Light,Female,2000
71.0,Brooks and Dunn,Ain’t Nothing `Bout You,Male Group,2000
72.0,Jennifer Lopez,Play,Female,2000
73.0,Lonestar,I’m Already There,Male Group,2000
74.0,Lil’ Romeo,My Baby,Male,2000
75.0,U2,Beautiful Day,Male Group,2000
76.0,Blake Shelton,Austin,Male,2000
77.0,Ludacris,Southern Hospitality,Male,2000
78.0,Tim McGraw,Grown Men Don’t Cry,Male,2000
79.0,Ja Rule feat. Case,Livin’ It Up,Male,2000
80.0,Mariah Carey feat. Cameo,Loverboy,Mixed Group,2000
81.0,Isley Brothers feat. Ronald Isley AKA Mr. Biggs,Contagious,Male Group,2000
82.0,Jessica Andrews,Who I Am,Female,2000
83.0,Erick Sermon feat. Marvin Gaye,Music,Male,2000
84.0,Willa Ford,I Wanna Be Bad,Female,2000
85.0,Kenny Chesney,Don’t Happen Twice,Male,2000
86.0,Diamond Rio,One More Day,Male,2000
87.0,R. Kelly,I Wish,Male,2000
88.0,Travis Tritt,It’s A Great Day To Be Alive,Male,2000
89.0,Trick Daddy,I’m A Thug,Male,2000
90.0,Eve 6,Here’s To The Night,Male Group,2000
91.0,Toby Keith,You Shouldn’t Kiss Me Like This,Male,2000
92.0,Eden’s Crush,Get Over Yourself,Female Group,2000
93.0,Debelah Morgan,Dance With Me,Female,2000
94.0,Outkast,"So Fresh, So Clean",Male Group,2000
95.0,Nelly,E.I.,Male,2000
96.0,3 Doors Down,Be Like That,Male Group,2000
97.0,Pink,Most Girls,Female,2000
98.0,QB’s Finest feat. Nas and Braveheart’s,Oochie Wally,Mixed Group,2000
99.0,Enrique Iglesias,Hero,Male,2000
100.0,Fuel,Hemorrhage (In My Hands),Male Group,2000
1.0,Mariah Carey,We Belong Together,Female,2005
2.0,Gwen Stefani,Hollaback Girl,Female,2005
3.0,Mario,Let Me Love You,male,2005
4.0,Kelly Clarkson,Since U Been Gone,Female,2005
5.0,Ciara feat. Missy Elliott,"1, 2 Step",Female,2005
6.0,Kanye West feat. Jamie Foxx,Gold Digger,male,2005
7.0,Green Day,Boulevard of Broken Dreams,Male Group,2005
8.0,50 Cent feat. Olivia,Candy Shop,Mixed Group,2005
9.0,The Pussycat Dolls feat. Busta Rhymes,Don’t Cha,Mixed Group,2005
10.0,Kelly Clarkson,Behind These Hazel Eyes,Female,2005
11.0,50 Cent,Disco Inferno,male,2005
12.0,Lifehouse,You and Me,Male Group,2005
13.0,The Black Eyed Peas,Don’t Phunk With My Heart,Mixed Group,2005
14.0,Missy Elliott feat. Ciara and Fat Man Scoop,Lose Control,Mixed Group,2005
15.0,Mariah Carey,Shake it Off,Female,2005
16.0,The Killers,Mr. Brightside,Male Group,2005
17.0,50 Cent,Just a Lil Bit,male,2005
18.0,Rihanna,Pon de Replay,Female,2005
19.0,The Game feat. 50 Cent,How We Do,male,2005
20.0,Weezer,Beverly Hills,Male Group,2005
21.0,Ciara feat. Ludacris,Oh,Mixed Group,2005
22.0,Rob Thomas,Lonely No More,male,2005
23.0,Snoop Dogg feat. Pharrell,Drop it Like It’s Hot,male,2005
24.0,The Game feat. 50 Cent,Hate It or Love It,male,2005
25.0,Lil Jon and The East Side Boyz feat. Usher and Ludacris,Lovers and Friends,Male Group,2005
26.0,Destiny’s Child feat. T.I. and Lil Wayne,Soldier,Mixed Group,2005
27.0,Kelly Clarkson,Breakaway,Female,2005
28.0,Will Smith,Switch,male,2005
29.0,Bow Wow feat. Omarion,Let Me HOld You,male,2005
30.0,Bow Wow feat. Ciara,Like You,Mixed Group,2005
31.0,Gwen Stefani feat. Eve,Rich Girl,Female,2005
32.0,The Black Eyed Peas,My Humps,Mixed Group,2005
33.0,Frankie J feat. Baby Bash,Obsession (No Es Amor),Male Group,2005
34.0,Usher,Caught Up,male,2005
35.0,D.H.T.,Listen to your Heart,Mixed Group,2005
36.0,Papa Roach,Scars,Male Group,2005
37.0,Gorillaz,Feel Good Inc,Male Group,2005
38.0,3 Doors Down,Let Me Go,Male Group,2005
39.0,Green Day,Holiday,Male Group,2005
40.0,Fall Out Boy,"Sugar, we’re Goin’ Down",Male Group,2005
41.0,Pretty Ricky,Grind With Me,Male Group,2005
42.0,Chris Brown,Run It!,male,2005
43.0,Nickelback,Photograph,male,2005
44.0,Akon,Lonely,male,2005
45.0,Howie Day,Collide,male,2005
46.0,Green Day,Wake Me up When September Ends,Male Group,2005
47.0,Bobby Valentino,Slow Down,male,2005
48.0,Nelly feat. Tim McGraw,Over and Over,male,2005
49.0,Trillville feat. Cutty,Some Cut,Male Group,2005
50.0,Fat Joe feat. Nelly,Get it Poppin’,male,2005
51.0,David Banner,Play,male,2005
52.0,Young Jeezy feat. Akon,Soul Survivor,male,2005
53.0,Ludacris feat. Bobby Valentino,Pimpin’ All Over the World,male,2005
54.0,Usher And Alicia Keys,My Boo,Mixed Group,2005
55.0,"Trick Daddy feat. Ludacris, Lil’ Kim and Cee-Lo",Sugar (Gimme Some),Mixed Group,2005
56.0,Alicia Keys,Karma,Female,2005
57.0,Coldplay,Speed of Sound,Male Group,2005
58.0,Gavin DeGraw,I Don’t Want to Be,male,2005
59.0,Eminem,Mockingbird,male,2005
60.0,Shakira feat. Alejandro Sanz,La Tortura,Mixed Group,2005
61.0,Maroon5,She Will be Loved,Male Group,2005
62.0,Baby Bash feat. Akon,Baby I’m Back,male,2005
63.0,Ying Yang Twins,Wait (The Whisper Song),Male Group,2005
64.0,Backstreet Boys,Incomplete,Male Group,2005
65.0,T.I.,Bring em Out,male,2005
66.0,Destiny’s Child,Cater 2 U,female group,2005
67.0,Amerie,1 Thing,Female,2005
68.0,Foo Fighters,Best of You,Male Group,2005
69.0,Mariah Carey,It’s Like That,Female,2005
70.0,Natalie,Goin’ Crazy,Female,2005
71.0,Carrie Underwood,Inside your Heaven,Female,2005
72.0,Kelly Clarkson,Because of You,Female,2005
73.0,Fantasia,Truth Is,Female,2005
74.0,Pretty Ricky,Your Body,Male Group,2005
75.0,Jesse McCartney,Beautiful Soul,male,2005
76.0,Gwen Stefani,Cool,Female,2005
77.0,Ludacris,Get Back,male,2005
78.0,50 Cent feat. Mobb Deep,Outta Control (Remix),male,2005
79.0,T.I.,U Don’t Know Me,male,2005
80.0,Natasha Bedingfield,These Words,Female,2005
81.0,The Black Eyed Peas,Don’t Lie,Mixed Group,2005
82.0,Jennifer Lopez,Get Right,Female,2005
83.0,John Mayer,Daughters,male,2005
84.0,Toby Keith,As Good as I Once Was,male,2005
85.0,Brooke Valentine feat. Lil Jon and Big Boi,Girlfight,Mixed Group,2005
86.0,Destiny’s Child,Lose My Breath,Female,2005
87.0,John Legend,Ordinary People,male,2005
88.0,Sean Paul,We Be Burnin’,male,2005
89.0,The Click Five,Just the Girl,Male Group,2005
90.0,Ryan Cabrera,TRUE,Male Group,2005
91.0,Omarion,O,male,2005
92.0,Mike Jones,Back Then,male,2005
93.0,Jay-Z/Linkin Park,Numb/Encore,Male Group,2005
94.0,Ja Rule feat. R. Kelly and Ashanti,Wonderful,Mixed Group,2005
95.0,T-Pain,I’m Sprung,male,2005
96.0,Gavin DeGraw,Chariot,male,2005
97.0,112 feat. Foxy Brown,U Already Know,Mixed Group,2005
98.0,Faith Hill,Mississippi Girl,Female,2005
99.0,Ludacris,Number One Spot,male,2005
100.0,Webbie feat. Bun B,Give Me That,male,2005
1.0,Ke$ha,TiK ToK,Female,2010
2.0,Lady Antebellum,Need You Now,Mixed Group,2010
3.0,Train,"Hey, Soul Sister",Male Group,2010
4.0,Katy Perry feat. Snoop Dogg,California Gurls,Mixed Group,2010
5.0,Usher feat. will.i.am,OMG,Male,2010
6.0,B.o.B feat. Hayley Williams,Airplanes,Mixed Group,2010
7.0,Eminem feat. Rihanna,Love The Way You Lie,Mixed Group,2010
8.0,Lady Gaga,Bad Romance,Female,2010
9.0,Taio Cruz,Dynamite,Male,2010
10.0,Taio Cruz feat. Ludacris,Break Your Heart,Male,2010
11.0,B.o.B feat. Bruno Mars,Nothin’ On You,Male,2010
12.0,Enrique Iglesias feat. Pitbull,I Like It,Male,2010
13.0,Young Money feat. Lloyd,Bedrock,Male,2010
14.0,Jason Derulo,In My Head,Male,2010
15.0,Rihanna,Rude Boy,Female,2010
16.0,Lady Gaga feat. Beyonce,Telephone,Female,2010
17.0,Katy Perry,Teenage Dream,Female,2010
18.0,Bruno Mars,Just The Way You Are,Male,2010
19.0,Mike Posner,Cooler Than Me,Male,2010
20.0,Black Eyed Peas,Imma Be,Mixed Group,2010
21.0,Jay-Z and Alicia Keys,Empire State of Mind,Mixed Group,2010
22.0,Usher feat. Pitbull,DJ Got Us Fallin’ in Love,Male,2010
23.0,Travie McCoy feat. Bruno Mars,Billionaire,Male Group,2010
24.0,Eminem,Not Afraid,Male,2010
25.0,Iyaz,Replay,Male,2010
26.0,David Guetta feat. Akon,Sexy Chick,Male,2010
27.0,The Script,Breakeven,Male Group,2010
28.0,Ke$ha,Your Love Is My Drug,Female,2010
29.0,Black Eyed Peas,I Gotta Feeling,Mixed Group,2010
30.0,Owl City,Fireflies,Male,2010
31.0,Trey Songz feat. Fabolous,Say Aah,Male,2010
32.0,Drake,Find Your Love,Male,2010
33.0,Lady Gaga,Alejandro,Female,2010
34.0,Jason Derulo,Ridin’ Solo,Male,2010
35.0,Nelly,Just A Dream,Male,2010
36.0,Ludacris,How Low,Male,2010
37.0,Far East Movement feat. The Cataracs and Dev,Like A G6,Male Group,2010
38.0,Timbaland feat. Justin Timberlake,Carry Out,Male,2010
39.0,Michael Buble,Haven’t Met You Yet,Male,2010
40.0,Flo Rida feat. David Guetta,Club Can’t Handle Me,Male,2010
41.0,Jay Sean feat. Lil Wayne,Down,Male,2010
42.0,La Roux,Bulletproof,Female,2010
43.0,Jason Derulo,Whatcha Say,Male,2010
44.0,Justin Bieber feat. Ludacris,Baby,Male,2010
45.0,Adam Lambert,Whataya Want From Me,Male,2010
46.0,Taylor Swift,Mine,Female,2010
47.0,Rihanna,Only Girl (In The World),Female,2010
48.0,Kris Allen,Live Like We’re Dying,Male,2010
49.0,Rihanna feat. Jeezy,Hard,Mixed Group,2010
50.0,Jay-Z and Mr. Hudson,Young Forever,Male,2010
51.0,Ke$ha feat. 3OH!3,Blah Blah Blah,Mixed Group,2010
52.0,Trey Songz feat. Nicki Minaj,Bottoms Up,Mixed Group,2010
53.0,Jay Sean feat. Sean Paul & Lil Jon,Do You Remember,Male,2010
54.0,OneRepublic,All The Right Moves,Male Group,2010
55.0,Orianthi,According To You,Female,2010
56.0,Ludacris feat. Nicki Minaj,My Chick Bad,Mixed Group,2010
57.0,Taylor Swift,You Belong With Me,Female,2010
58.0,Black Eyed Peas,Meet Me Halfway,Mixed Group,2010
59.0,Ke$ha,Take It Off,Female,2010
60.0,Drake,Over,Male,2010
61.0,Neon Trees,Animal,Male Group,2010
62.0,Maroon 5,Misery,Male Group,2010
63.0,B.o.B feat. Rivers Cuomo,Magic,Male,2010
64.0,Lady Gaga,Paparazzi,Female,2010
65.0,New Boyz feat. Ray J,Tie Me Down,Male Group,2010
66.0,Nicki Minaj,Your Love,Female,2010
67.0,Miley Cyrus,Party In The U.S.A.,Female,2010
68.0,Chris Brown feat. Tyga and Kevin McCall,Deuces,Male,2010
69.0,Britney Spears,3,Female,2010
70.0,Shontelle,Impossible,Female,2010
71.0,"Drake feat. Kanye West, Lil Wayne and Eminem",Forever,Male,2010
72.0,Boys Like Girls feat. Taylor Swift,Two Is Better Than One,Mixed Group,2010
73.0,3OH!3 feat. Ke$ha,My First Kiss,Mixed Group,2010
74.0,Kelly Clarkson,Already Gone,Female,2010
75.0,Black Eyed Peas,Rock That Body,Mixed Group,2010
76.0,OneRepublic,Secrets,Male Group,2010
77.0,Selena Gomez and The Scene,Naturally,Mixed Group,2010
78.0,Alicia Keyes,Un-Thinkable (I’m Ready),Female,2010
79.0,"DJ Khaled feat. T-Pain, Ludacris, Snoop Dogg and Rick Ross",All I Do Is Win,Male,2010
80.0,"Kevin Rudolf feat. Birdman, Jay Sean, & Lil Wayne",I Made It (Cash Money Heroes),Male,2010
81.0,Sugarland,Stuck Like Glue,Mixed Group,2010
82.0,Usher feat. Plies,Hey Daddy (Daddy’s Home),Male,2010
83.0,Usher,There Goes My Baby,Male,2010
84.0,Taylor Swift,Today Was A Fairytale,Female,2010
85.0,Timbaland feat. Drake,Say Something,Male,2010
86.0,Beyonce,Sweet Dreams,Female,2010
87.0,Kings of Leon,Use Somebody,Male Group,2010
88.0,Carrie Underwood,Undo It,Female,2010
89.0,Sean Kingston and Justin Bieber,Eenie Meenie,Male,2010
90.0,Lil Wayne feat. Drake,Right Above It,Male,2010
91.0,Miranda Lambert,The House That Built Me,Female,2010
92.0,The Band Perry,If I Die Young,Mixed Group,2010
93.0,Paramore,The Only Exception,Mixed Group,2010
94.0,Lady Antebellum,American Honey,Mixed Group,2010
95.0,Sara Bareilles,King Of Anything,Female,2010
96.0,Daughtry,Life After You,Male Group,2010
97.0,Uncle Kraker,Smile,Male,2010
98.0,Cali Swag District,Teach Me How To Dougie,Male Group,2010
99.0,Alicia Keyes,Try Sleeping With A Broken Heart,Female,2010
100.0,Jerrod Niemann,"Lover, Lover",Male,2010
1.0,Mark Ronson Featuring Bruno Mars,Uptown Funk!,Male,2015
2.0,Ed Sheeran,Thinking Out Loud,Male,2015
3.0,Wiz Khalifa Featuring Charlie Puth,See You Again,Male,2015
4.0,Fetty Wap,Trap Queen,Male,2015
5.0,Maroon 5,Sugar,Male group,2015
6.0,WALK THE MOON,Shut Up And Dance,Male group,2015
7.0,Taylor Swift,Blank Space,Female,2015
8.0,Silento,Watch Me,Male,2015
9.0,The Weeknd,Earned It (Fifty Shades Of Grey),Male,2015
10.0,The Weeknd,The Hills,Male,2015
11.0,OMI,Cheerleader,Male,2015
12.0,The Weeknd,Can't Feel My Face,Male,2015
13.0,Ellie Goulding,Love Me Like You Do,Female,2015
14.0,Hozier,Take Me To Church,Male group,2015
15.0,Taylor Swift Featuring Kendrick Lamar,Bad Blood,Female,2015
16.0,Major Lazer & DJ Snake Featuring MO,Lean On,Mixed Group,2015
17.0,Jason Derulo,Want To Want Me,Male,2015
18.0,Taylor Swift,Shake It Off,Female,2015
19.0,Skrillex & Diplo With Justin Bieber,Where Are U Now,Male,2015
20.0,Rachel Platten,Fight Song,Female,2015
21.0,Fetty Wap Featuring Remy Boyz,679,Male,2015
22.0,Meghan Trainor,Lips Are Movin,Female,2015
23.0,Fifth Harmony Featuring Kid Ink,Worth It,Mixed Group,2015
24.0,Omarion Featuring Chris Brown & Jhene Aiko,Post To Be,Mixed Group,2015
25.0,Andy Grammer,"Honey, I'm Good.",Male,2015
26.0,Sam Smith,I'm Not The Only One,Male,2015
27.0,Selena Gomez Featuring A$AP Rocky,Good For You,Mixed Group,2015
28.0,Meghan Trainor,All About That Bass,Female,2015
29.0,Taylor Swift,Style,Female,2015
30.0,Drake,Hotline Bling,Male,2015
31.0,"David Guetta Featuring Nicki Minaj, Bebe Rexha & Afrojack",Hey Mama,Mixed Group,2015
32.0,Flo Rida Featuring Sage The Gemini & Lookas,G.D.F.R.,Male,2015
33.0,Justin Bieber,What Do You Mean?,Male,2015
34.0,Ed Sheeran,Photograph,Male,2015
35.0,Adele,Hello,Female,2015
36.0,Shawn Mendes,Stitches,Male,2015
37.0,Tove Lo,Talking Body,Female,2015
38.0,Nick Jonas,Jealous,Male,2015
39.0,Pitbull & Ne-Yo,Time Of Our Lives,Male,2015
40.0,R. City Featuring Adam Levine,Locked Away,Male,2015
41.0,Natalie La Rose Featuring Jeremih,Somebody,Mixed Group,2015
42.0,Rihanna & Kanye West & Paul McCartney,FourFiveSeconds,Mixed Group,2015
43.0,Fall Out Boy,Centuries,Male group,2015
44.0,Fetty Wap Featuring Monty,My Way,Male,2015
45.0,Sam Hunt,Take Your Time,Male,2015
46.0,Maroon 5,Animals,Male,2015
47.0,Big Sean Featuring E-40,I Don't F**k With You,Male,2015
48.0,Rihanna,B**** Better Have My Money,Female,2015
49.0,Rich Homie Quan,Flex (Ooh Ooh Ooh),Male,2015
50.0,T-Wayne,Nasty Freestyle,Male,2015
51.0,"Nicki Minaj Featuring Drake, Lil Wayne & Chris Brown",Only,Mixed Group,2015
52.0,Sia,Elastic Heart,Female,2015
53.0,Demi Lovato,Cool For The Summer,Female,2015
54.0,X Ambassadors,Renegades,Male group,2015
55.0,Usher Featuring Juicy J,I Don't Mind,Female group,2015
56.0,Ariana Grande & The Weeknd,Love Me Harder,Mixed Group,2015
57.0,Taylor Swift,Wildest Dreams,Female,2015
58.0,Sam Smith,Stay With Me,Male,2015
59.0,DJ Snake & AlunaGeorge,You Know You Like It,Mixed Group,2015
60.0,Fall Out Boy,Uma Thurman,Male,2015
61.0,Beyonce,11-Jul,Female,2015
62.0,Selena Gomez,The Heart Wants What It Wants,Female,2015
63.0,Little Big Town,Girl Crush,Male group,2015
64.0,Trey Songz,Slow Motion,Male,2015
65.0,One Direction,Drag Me Down,Male group,2015
66.0,Nicki Minaj Featuring Drake & Lil Wayne,Truffle Butter,Mixed Group,2015
67.0,Ariana Grande,One Last Time,Female,2015
68.0,Nick Jonas,Chains,Male,2015
69.0,Meek Mill Featuring Chris Brown & Nicki Minaj,All Eyes On You,Mixed Group,2015
70.0,Rae Sremmurd,No Type,Male group,2015
71.0,Vance Joy,Riptide,Male,2015
72.0,Jidenna Featuring Roman GianArthur,Classic Man,Male,2015
73.0,Elle King,Ex's & Oh's,Female,2015
74.0,Meghan Trainor,Dear Future Husband,Female,2015
75.0,Charlie Puth Featuring Meghan Trainor,Marvin Gaye,Male,2015
76.0,Meghan Trainor Featuring John Legend,Like I'm Gonna Lose You,Mixed Group,2015
77.0,Tove Lo,Habits (Stay High),Female,2015
78.0,James Newton Howard Featuring Jennifer Lawrence,The Hanging Tree,Mixed Group,2015
79.0,O.T. Genasis,CoCo,Male,2015
80.0,"Jessie J, Ariana Grande & Nicki Minaj",Bang Bang,Female,2015
81.0,Sam Smith,Lay Me Down,Male,2015
82.0,I LOVE MAKONNEN Featuring Drake,Tuesday,Male,2015
83.0,iLoveMemphis,Hit The Quan,Male,2015
84.0,"Macklemore & Ryan Lewis Featuring Eric Nally, Melle Mel, Kool Moe Dee & Grandmaster Caz",Downtown,Mixed Group,2015
85.0,Sam Hunt,House Party,Male,2015
86.0,Chris Brown & Tyga,Ayo,Male,2015
87.0,Luke Bryan,Kick The Dust Up,Male,2015
88.0,Big Sean Featuring Drake,Blessings,Male,2015
89.0,George Ezra,Budapest,Male,2015
90.0,Sia,Chandelier,Female,2015
91.0,Kelly Clarkson,Heartbeat Song,Female,2015
92.0,Ed Sheeran,Don't,Male,2015
93.0,Ella Henderson,Ghost,Female,2015
94.0,Alessia Cara,Here,Female,2015
95.0,Mr. Probz,Waves,Male,2015
96.0,Nicky Jam & Enrique Iglesias,El Perdon (Forgiveness),Male,2015
97.0,Ne-Yo Featuring Juicy J,She Knows,Mixed Group,2015
98.0,One Direction,Night Changes,Male Group,2015
99.0,Drake,Back To Back,Male,2015
100.0,Calvin Harris & Disciples,How Deep Is Your Love,Male,2015
1.0,The Weeknd,Blinding Lights,Male,2020
2.0,Post Malone,Circles,Male,2020
3.0,Roddy Ricch,The Box,Male,2020
4.0,Dua Lipa,Don't Start Now,Female,2020
5.0,DaBaby Featuring Roddy Ricch,Rockstar,Male,2020
6.0,Harry Styles,Adore You,Male,2020
7.0,Future Featuring Drake,Life Is Good,Male,2020
8.0,Maroon 5,Memories,Male,2020
9.0,Maren Morris,The Bones,Male,2020
10.0,Lewis Capaldi,Someone You Loved,Male,2020
11.0,Doja Cat,Say So,Female,2020
12.0,Gabby Barrett Featuring Charlie Puth,I Hope,Mixed Group,2020
13.0,"Jack Harlow Featuring DaBaby, Tory Lanez & Lil Wayne",Whats Poppin,Male,2020
14.0,Tones And I,Dance Monkey,Female,2020
15.0,Megan Thee Stallion,Savage,Female,2020
16.0,Arizona Zervas,Roxanne,Male,2020
17.0,Justin Bieber Featuring Quavo,Intentions,Male,2020
18.0,Billie Eilish,Everything I Wanted,Female,2020
19.0,SAINt JHN,Roses,Male,2020
20.0,Harry Styles,Watermelon Sugar,Male,2020
21.0,Lewis Capaldi,Before You Go,Male,2020
22.0,Trevor Daniel,Falling,Male,2020
23.0,Dan + Shay & Justin Bieber,"10,000 Hours",Mixed Group,2020
24.0,Cardi B Featuring Megan Thee Stallion,WAP,Female,2020
25.0,Mustard & Roddy Ricch,Ballin',Male,2020
26.0,blackbear,Hot Girl Bummer,Male,2020
27.0,Lil Mosey,Blueberry Faygo,Male,2020
28.0,The Weeknd,Heartless,Male,2020
29.0,DaBaby,BOP,Male,2020
30.0,Selena Gomez,Lose You To Love Me,Female,2020
31.0,Lizzo,Good As Hell,Female,2020
32.0,Drake,Toosie Slide,Male,2020
33.0,Dua Lipa,Break My Heart,Female,2020
34.0,Morgan Wallen,Chasin' You,Male,2020
35.0,Jawsh 685 x Jason Derulo,Savage Love (Laxed - Siren Beat),Male,2020
36.0,Chris Brown Featuring Drake,No Guidance,Male,2020
37.0,Camila Cabello Featuring DaBaby,My Oh My,Mixed Group,2020
38.0,BTS,Dynamite,male group,2020
39.0,Chris Brown & Young Thug,Go Crazy,Male,2020
40.0,Roddy Ricch Featuring Mustard,High Fashion,Male,2020
41.0,Drake Featuring Lil Durk,Laugh Now Cry Later,Male,2020
42.0,Lil Baby,Woah,Male,2020
43.0,Powfu Featuring beabadoobee,Death Bed,Male,2020
44.0,Shawn Mendes & Camila Cabello,Senorita,Mixed Group,2020
45.0,Travis Scott,HIGHEST IN THE ROOM,Male,2020
46.0,Billie Eilish,Bad Guy,Female,2020
47.0,24kGoldn Featuring iann dior,Mood,Male,2020
48.0,Lady Gaga & Ariana Grande,Rain On Me,Female,2020
49.0,Pop Smoke Featuring Lil Baby & DaBaby,For The Night,Male,2020
50.0,Black Eyed Peas X J Balvin,RITMO (Bad Boys For Life),Mixed Group,2020
51.0,Rod Wave,Heart On Ice,Male,2020
52.0,Blake Shelton Duet With Gwen Stefani,Nobody But You,Mixed Group,2020
53.0,SHAED,Trampoline,Mixed Group,2020
54.0,Juice WRLD x Marshmello,Come & Go,Male,2020
55.0,Lizzo,Truth Hurts,Female,2020
56.0,JP Saxe Featuring Julia Michaels,If The World Was Ending,Mixed Group,2020
57.0,Lil Baby & 42 Dugg,We Paid,Male,2020
58.0,Justin Bieber,Yummy,Male,2020
59.0,Old Dominion,One Man Band,Male,2020
60.0,Jason Aldean,Got What I Got,Male,2020
61.0,Surfaces,Sunday Best,male group,2020
62.0,Eminem Featuring Juice WRLD,Godzilla,Male,2020
63.0,Juice WRLD & YoungBoy Never Broke Again,Bandit,Male,2020
64.0,StaySolidRocky,Party Girl,Male,2020
65.0,Maddie & Tae,Die From A Broken Heart,Female Group,2020
66.0,DJ Khaled Featuring Drake,Popstar,Male,2020
67.0,Mariah Carey,All I Want For Christmas Is You,Female,2020
68.0,Lee Brice,One Of Them Girls,Male,2020
69.0,Sam Hunt,Hard To Forget,Male,2020
70.0,Luke Bryan,One Margarita,Male,2020
71.0,Lil Nas X,Panini,Male,2020
72.0,Young Thug Featuring Gunna,Hot,Male,2020
73.0,Carly Pearce & Lee Brice,I Hope You're Happy Now,Mixed Group,2020
74.0,Lil Baby,Emotionally Scarred,Male,2020
75.0,YNW Melly & Juice WRLD,Suicidal,Male,2020
76.0,Lil Baby,The Bigger Picture,Male,2020
77.0,Jonas Brothers,Only Human,Male,2020
78.0,Pop Smoke Featuring 50 Cent & Roddy Ricch,The Woo,Male,2020
79.0,Lil Baby,Sum 2 Prove,Male,2020
80.0,Ariana Grande & Justin Bieber,Stuck With U,Mixed Group,2020
81.0,Pop Smoke Featuring Lil Tjay,Mood Swings,Male,2020
82.0,Halsey,You Should Be Sad,Female,2020
83.0,Pop Smoke,Dior,Male,2020
84.0,BENEE Featuring Gus Dapperton,Supalonely,Male,2020
85.0,Luke Combs,Even Though I'm Leaving,Male,2020
86.0,"THE SCOTTS, Travis Scott & Kid Cudi",The Scotts,Male,2020
87.0,Doja Cat & Tyga,Juicy,Mixed Group,2020
88.0,Kane Brown With Swae Lee & Khalid,Be Like That,Male,2020
89.0,Kane Brown,Homesick,Male,2020
90.0,Rod Wave Featuring ATR Son Son,Rags2Riches,Male,2020
91.0,Miranda Lambert,Bluebird,Female,2020
92.0,Juice WRLD,Wishing Well,Male,2020
93.0,Luke Combs Featuring Eric Church,Does To Me,Male,2020
94.0,Jhene Aiko,P*$$y Fairy (OTW),Female,2020
95.0,Surf Mesa Featuring Emilee,ily,Mixed group,2020
96.0,Morgan Wallen,More Than My Hometown,Female,2020
97.0,Luke Combs,Lovin' On You,Male,2020
98.0,Moneybagg Yo,Said Sum,Male,2020
99.0,H.E.R. Featuring YG,Slide,Mxied group,2020
100.0,NLE Choppa Featuring Roddy Ricch,Walk Em Down,Male,2020
